id,localized_name
19,Tiny
20,Vengeful Spirit
21,Windranger
23,Kunkka
62,Bounty Hunter
63,Weaver
64,Jakiro
65,Batrider
72,Gyrocopter
73,Alchemist
74,Invoker
75,Silencer
76,Outworld Destroyer
77,Lycan
91,Io
99,Bristleback
110,Phoenix
111,Oracle
105,Techies
112,Winter Wyvern
113,Arc Warden
108,Underlord
114,Monkey King
120,Pangolier
25,Lina
31,Lich
26,Lion
27,Shadow Shaman
28,Slardar
29,Tidehunter
32,Riki
33,Enigma
34,Tinker
35,Sniper
41,Faceless Void
42,Wraith King
60,Night Stalker
61,Broodmother
66,Chen
67,Spectre
69,Doom
68,Ancient Apparition
70,Ursa
71,Spirit Breaker
92,Visage
93,Slark
94,Medusa
95,Troll Warlord
96,Centaur Warrunner
97,Magnus
98,Timbersaw
119,Dark Willow
121,Grimstroke
129,Mars
126,Void Spirit
128,Snapfire
123,Hoodwink
10,Morphling
12,Phantom Lancer
14,Pudge
15,Razor
16,Sand King
17,Storm Spirit
18,Sven
43,Death Prophet
44,Phantom Assassin
45,Pugna
46,Templar Assassin
47,Viper
48,Luna
49,Dragon Knight
50,Dazzle
51,Clockwerk
52,Leshrac
53,Nature's Prophet
54,Lifestealer
55,Dark Seer
56,Clinkz
57,Omniknight
58,Enchantress
78,Brewmaster
79,Shadow Demon
80,Lone Druid
81,Chaos Knight
82,Meepo
83,Treant Protector
84,Ogre Magi
85,Undying
86,Rubick
87,Disruptor
88,Nyx Assassin
89,Naga Siren
90,Keeper of the Light
36,Necrophos
37,Warlock
38,Beastmaster
39,Queen of Pain
40,Venomancer
59,Huskar
1,Anti-Mage
2,Axe
3,Bane
4,Bloodseeker
5,Crystal Maiden
6,Drow Ranger
7,Earthshaker
8,Juggernaut
9,Mirana
11,Shadow Fiend
13,Puck
100,Tusk
101,Skywrath Mage
102,Abaddon
103,Elder Titan
104,Legion Commander
106,Ember Spirit
107,Earth Spirit
109,Terrorblade
22,Zeus
30,Witch Doctor